{
"lengthUnit": "mil",
"remark": [],
"components": {
	"fields": ["COMPONENT_NO", "COMPONENT_NAME", "LAYER", "X_COORDINATE", "Y_COORDINATE", "ANGLE"],
	"rows": [
		[1, "J1", "B", 0, 185, 180],
		[2, "PAD1", "T", 95.0001, 238.5682, 0],
		[3, "PAD2", "T", -4.9999, 238.5682, 0],
		[4, "PAD3", "T", -104.9999, 238.5682, 0],
		[5, "PAD4", "T", 95, 138.5682, 0],
		[6, "PAD5", "T", -5, 138.5682, 0],
		[7, "PAD6", "T", -105, 138.5682, 0],
		[8, "PAD7", "B", -29.5275, 234.2913, 0],
		[9, "PAD8", "B", 68.8977, 135.7087, 0],
		[10, "PAD9", "B", 49.2126, 234.2913, 0],
		[11, "PAD10", "B", 9.8425, 234.2913, 0],
		[12, "PAD11", "B", 29.5276, 135.7087, 0],
		[13, "PAD12", "B", -9.8425, 135.7087, 0],
		[14, "PAD13", "B", -68.8976, 234.2913, 0],
		[15, "PAD14", "B", -49.2126, 135.7087, 0]
	]
},
"pins": {
	"fields": ["PIN_NO", "PIN_NAME", "PIN_X", "PIN_Y", "LAYER", "PIN_TYPE", "NET_NAME", "NET_TYPE", "PAD_SHAPE", "PAD_SIZEX", "PAD_SIZEY", "HOLE_SIZE", "HOLE_LEN", "PAD_ANGLE"],
	"rows": [
		[1, "J1_1", 68.8977, 135.7087, "B", "SMD", "BAT+", "", "R", 15.748, 49.2126, 0, 0, 180],
		[2, "J1_2", 49.2126, 234.2913, "B", "SMD", "UART_TX", "", "R", 15.748, 49.2126, 0, 0, 180],
		[3, "J1_3", 29.5276, 135.7087, "B", "SMD", "BAT+", "", "R", 15.748, 49.2126, 0, 0, 0],
		[4, "J1_4", 9.8425, 234.2913, "B", "SMD", "UART_RX", "", "R", 15.748, 49.2126, 0, 0, 0],
		[5, "J1_5", -9.8425, 135.7087, "B", "SMD", "GND", "GND", "R", 15.748, 49.2126, 0, 0, 0],
		[6, "J1_6", -29.5275, 234.2913, "B", "SMD", "USB_DP_2", "", "R", 15.748, 49.2126, 0, 0, 0],
		[7, "J1_7", -49.2126, 135.7087, "B", "SMD", "GND", "GND", "R", 15.748, 49.2126, 0, 0, 0],
		[8, "J1_8", -68.8976, 234.2913, "B", "SMD", "USB_DM_2", "", "R", 15.748, 49.2126, 0, 0, 0],
		[9, "J1_9", 137.7953, 184.9968, "B", "SMD", "NET_1", "", "R", 70.8661, 78.7402, 0, 0, 180],
		[10, "J1_10", -137.7952, 184.9968, "B", "SMD", "NET_2", "", "R", 70.8661, 78.7402, 0, 0, 0],
		[11, "PAD1_1", 95.0001, 238.5682, "T", "SMD", "UART_TX", "", "C", 80, 80, 0, 0, 0],
		[12, "PAD2_1", -4.9999, 238.5682, "T", "SMD", "UART_RX", "", "C", 80, 80, 0, 0, 0],
		[13, "PAD3_1", -104.9999, 238.5682, "T", "SMD", "USB_DM_2", "", "C", 80, 80, 0, 0, 0],
		[14, "PAD4_1", 95, 138.5682, "T", "SMD", "BAT+", "", "C", 80, 80, 0, 0, 0],
		[15, "PAD5_1", -5, 138.5682, "T", "SMD", "GND", "GND", "C", 80, 80, 0, 0, 0],
		[16, "PAD6_1", -105, 138.5682, "T", "SMD", "USB_DP_2", "", "C", 80, 80, 0, 0, 0],
		[17, "PAD7_6", -29.5275, 234.2913, "B", "SMD", "USB_DP_2", "", "R", 15.748, 49.2126, 0, 0, 0],
		[18, "PAD8_1", 68.8977, 135.7087, "B", "SMD", "BAT+", "", "R", 15.748, 49.2126, 0, 0, 180],
		[19, "PAD9_2", 49.2126, 234.2913, "B", "SMD", "UART_TX", "", "R", 15.748, 49.2126, 0, 0, 180],
		[20, "PAD10_4", 9.8425, 234.2913, "B", "SMD", "UART_RX", "", "R", 15.748, 49.2126, 0, 0, 0],
		[21, "PAD11_3", 29.5276, 135.7087, "B", "SMD", "BAT+", "", "R", 15.748, 49.2126, 0, 0, 0],
		[22, "PAD12_5", -9.8425, 135.7087, "B", "SMD", "GND", "GND", "R", 15.748, 49.2126, 0, 0, 0],
		[23, "PAD13_8", -68.8976, 234.2913, "B", "SMD", "USB_DM_2", "", "R", 15.748, 49.2126, 0, 0, 0],
		[24, "PAD14_7", -49.2126, 135.7087, "B", "SMD", "GND", "GND", "R", 15.748, 49.2126, 0, 0, 0]
	]
}
}