{
"lengthUnit": "mil",
"remark": [],
"components": {
	"fields": ["COMPONENT_NO", "COMPONENT_NAME", "LAYER", "X_COORDINATE", "Y_COORDINATE", "ANGLE"],
	"rows": [
		[1, "C4", "T", -136.46, 160, 180],
		[2, "J1", "T", 5, 240, 180],
		[3, "U2", "B", 0, 235, 180],
		[4, "PAD1", "T", -24.5275, 190.7087, 0],
		[5, "PAD2", "T", 73.8977, 289.2913, 0],
		[6, "PAD3", "T", 54.2126, 190.7087, 0],
		[7, "PAD4", "T", 14.8425, 190.7087, 0],
		[8, "PAD5", "T", 34.5276, 289.2913, 0],
		[9, "PAD6", "T", -4.8425, 289.2913, 0],
		[10, "PAD7", "T", -63.8976, 190.7087, 0],
		[11, "PAD8", "T", -44.2126, 289.2913, 0],
		[12, "PAD9", "B", 109.8903, 311.7717, 0],
		[13, "PAD10", "B", 109.8903, 286.1811, 0],
		[14, "PAD11", "B", 109.8903, 260.5906, 0],
		[15, "PAD12", "B", 109.8903, 235, 0],
		[16, "PAD13", "B", 109.8903, 209.4094, 0],
		[17, "PAD14", "B", -109.8903, 235, 0],
		[18, "PAD15", "B", -109.8903, 260.5906, 0],
		[19, "PAD16", "B", -109.8903, 286.1811, 0],
		[20, "PAD17", "T", -157.92, 160, 0],
		[21, "PAD18", "T", -115, 160, 0]
	]
},
"pins": {
	"fields": ["PIN_NO", "PIN_NAME", "PIN_X", "PIN_Y", "LAYER", "PIN_TYPE", "NET_NAME", "NET_TYPE", "PAD_SHAPE", "PAD_SIZEX", "PAD_SIZEY", "HOLE_SIZE", "HOLE_LEN", "PAD_ANGLE"],
	"rows": [
		[1, "C4_1", -115, 160, "T", "SMD", "VCC_3V3", "", "R", 31.106, 21.26, 0, 0, 180],
		[2, "C4_2", -157.92, 160, "T", "SMD", "GND", "GND", "R", 31.106, 21.26, 0, 0, 180],
		[3, "J1_1", 73.8977, 289.2913, "T", "SMD", "SPI1_SCK", "", "R", 15.748, 49.2126, 0, 0, 180],
		[4, "J1_2", 54.2126, 190.7087, "T", "SMD", "SPI1_CS", "", "R", 15.748, 49.2126, 0, 0, 180],
		[5, "J1_3", 34.5276, 289.2913, "T", "SMD", "SPI1_MISO", "", "R", 15.748, 49.2126, 0, 0, 0],
		[6, "J1_4", 14.8425, 190.7087, "T", "SMD", "$1N1302", "", "R", 15.748, 49.2126, 0, 0, 0],
		[7, "J1_5", -4.8425, 289.2913, "T", "SMD", "SPI1_MOSI", "", "R", 15.748, 49.2126, 0, 0, 0],
		[8, "J1_6", -24.5275, 190.7087, "T", "SMD", "$1N1274", "", "R", 15.748, 49.2126, 0, 0, 0],
		[9, "J1_7", -44.2126, 289.2913, "T", "SMD", "GND", "GND", "R", 15.748, 49.2126, 0, 0, 0],
		[10, "J1_8", -63.8976, 190.7087, "T", "SMD", "VCC_3V3", "", "R", 15.748, 49.2126, 0, 0, 0],
		[11, "J1_9", 142.7953, 240.0032, "T", "SMD", "NET_1", "", "R", 70.8661, 78.7402, 0, 0, 180],
		[12, "J1_10", -132.7952, 240.0032, "T", "SMD", "NET_2", "", "R", 70.8661, 78.7402, 0, 0, 0],
		[13, "U2_1", 109.8903, 311.7717, "B", "SMD", "SPI1_CS", "", "R", 46.7827, 13.416, 0, 0, 180],
		[14, "U2_2", 109.8903, 286.1811, "B", "SMD", "SPI1_SCK", "", "O", 46.7827, 13.416, 0, 0, 180],
		[15, "U2_3", 109.8903, 260.5906, "B", "SMD", "SPI1_MISO", "", "O", 46.7827, 13.416, 0, 0, 180],
		[16, "U2_4", 109.8903, 235, "B", "SMD", "SPI1_MOSI", "", "O", 46.7827, 13.416, 0, 0, 180],
		[17, "U2_5", 109.8903, 209.4094, "B", "SMD", "GND", "GND", "O", 46.7827, 13.416, 0, 0, 180],
		[18, "U2_6", 109.8903, 183.8189, "B", "SMD", "NET_3", "", "O", 46.7827, 13.416, 0, 0, 180],
		[19, "U2_7", 109.8903, 158.2283, "B", "SMD", "NET_4", "", "O", 46.7827, 13.416, 0, 0, 180],
		[20, "U2_8", -109.8903, 158.2283, "B", "SMD", "NET_5", "", "O", 46.7827, 13.416, 0, 0, 180],
		[21, "U2_9", -109.8903, 183.8189, "B", "SMD", "NET_6", "", "O", 46.7827, 13.416, 0, 0, 180],
		[22, "U2_10", -109.8903, 209.4094, "B", "SMD", "NET_7", "", "O", 46.7827, 13.416, 0, 0, 180],
		[23, "U2_11", -109.8903, 235, "B", "SMD", "VCC_3V3", "", "O", 46.7827, 13.416, 0, 0, 180],
		[24, "U2_12", -109.8903, 260.5906, "B", "SMD", "VCC_3V3", "", "O", 46.7827, 13.416, 0, 0, 180],
		[25, "U2_13", -109.8903, 286.1811, "B", "SMD", "GND", "GND", "O", 46.7827, 13.416, 0, 0, 180],
		[26, "U2_14", -109.8903, 311.7717, "B", "SMD", "NET_8", "", "O", 46.7827, 13.416, 0, 0, 180],
		[27, "PAD1_6", -24.5275, 190.7087, "T", "SMD", "$1N1274", "", "R", 15.748, 49.2126, 0, 0, 0],
		[28, "PAD2_1", 73.8977, 289.2913, "T", "SMD", "SPI1_SCK", "", "R", 15.748, 49.2126, 0, 0, 180],
		[29, "PAD3_2", 54.2126, 190.7087, "T", "SMD", "SPI1_CS", "", "R", 15.748, 49.2126, 0, 0, 180],
		[30, "PAD4_4", 14.8425, 190.7087, "T", "SMD", "$1N1302", "", "R", 15.748, 49.2126, 0, 0, 0],
		[31, "PAD5_3", 34.5276, 289.2913, "T", "SMD", "SPI1_MISO", "", "R", 15.748, 49.2126, 0, 0, 0],
		[32, "PAD6_5", -4.8425, 289.2913, "T", "SMD", "SPI1_MOSI", "", "R", 15.748, 49.2126, 0, 0, 0],
		[33, "PAD7_8", -63.8976, 190.7087, "T", "SMD", "VCC_3V3", "", "R", 15.748, 49.2126, 0, 0, 0],
		[34, "PAD8_7", -44.2126, 289.2913, "T", "SMD", "GND", "GND", "R", 15.748, 49.2126, 0, 0, 0],
		[35, "PAD9_1", 109.8903, 311.7717, "B", "SMD", "SPI1_CS", "", "R", 46.7827, 13.416, 0, 0, 180],
		[36, "PAD10_2", 109.8903, 286.1811, "B", "SMD", "SPI1_SCK", "", "O", 46.7827, 13.416, 0, 0, 180],
		[37, "PAD11_3", 109.8903, 260.5906, "B", "SMD", "SPI1_MISO", "", "O", 46.7827, 13.416, 0, 0, 180],
		[38, "PAD12_4", 109.8903, 235, "B", "SMD", "SPI1_MOSI", "", "O", 46.7827, 13.416, 0, 0, 180],
		[39, "PAD13_5", 109.8903, 209.4094, "B", "SMD", "GND", "GND", "O", 46.7827, 13.416, 0, 0, 180],
		[40, "PAD14_11", -109.8903, 235, "B", "SMD", "VCC_3V3", "", "O", 46.7827, 13.416, 0, 0, 180],
		[41, "PAD15_12", -109.8903, 260.5906, "B", "SMD", "VCC_3V3", "", "O", 46.7827, 13.416, 0, 0, 180],
		[42, "PAD16_13", -109.8903, 286.1811, "B", "SMD", "GND", "GND", "O", 46.7827, 13.416, 0, 0, 180],
		[43, "PAD17_2", -157.92, 160, "T", "SMD", "GND", "GND", "R", 31.106, 21.26, 0, 0, 180],
		[44, "PAD18_1", -115, 160, "T", "SMD", "VCC_3V3", "", "R", 31.106, 21.26, 0, 0, 180]
	]
}
}