{
"lengthUnit": "mil",
"remark": [],
"components": {
	"fields": ["COMPONENT_NO", "COMPONENT_NAME", "LAYER", "X_COORDINATE", "Y_COORDINATE", "ANGLE"],
	"rows": [
		[1, "1", "T", 315, -630, 90],
		[2, "C1", "B", 150, -830, 180],
		[3, "C2", "B", 150, -775, 0],
		[4, "C3", "B", 148.54, -720, 180],
		[5, "C4", "B", 148.54, -620, 0],
		[6, "C5", "B", 148.54, -670, 180],
		[7, "C6", "B", 150, -1010, 0],
		[8, "C7", "B", 150, -945, 0],
		[9, "P1", "T", 140, -1195.0003, 90],
		[10, "R1", "B", 152.96, -555, 180],
		[11, "R2", "B", 147.96, -440, 180],
		[12, "R3", "B", 147.96, -490, 180],
		[13, "R4", "B", 141.163, -890, 0],
		[14, "PAD1", "T", 334.6457, -974.488, 0],
		[15, "PAD2", "T", 334.6457, -946.929, 0],
		[16, "PAD3", "T", 334.6457, -919.3699, 0],
		[17, "PAD4", "T", 334.6457, -891.8109, 0],
		[18, "PAD5", "T", 334.6457, -864.2518, 0],
		[19, "PAD6", "T", 334.6457, -836.6928, 0],
		[20, "PAD7", "T", 334.6457, -809.1337, 0],
		[21, "PAD8", "T", 334.6457, -781.5747, 0],
		[22, "PAD9", "T", 334.6457, -754.0156, 0],
		[23, "PAD10", "T", 334.6457, -671.3384, 0],
		[24, "PAD11", "T", 334.6457, -643.7794, 0],
		[25, "PAD12", "T", 334.6457, -616.2204, 0],
		[26, "PAD13", "T", 334.6457, -698.8975, 0],
		[27, "PAD14", "T", 334.6457, -588.6613, 0],
		[28, "PAD15", "T", 334.6457, -561.1023, 0],
		[29, "PAD16", "T", 334.6457, -533.5432, 0],
		[30, "PAD17", "T", 334.6457, -505.9842, 0],
		[31, "PAD18", "T", 334.6457, -478.4251, 0],
		[32, "PAD19", "T", 334.6457, -450.8661, 0],
		[33, "PAD20", "T", 334.6457, -423.307, 0],
		[34, "PAD21", "T", 334.6457, -395.7479, 0],
		[35, "PAD22", "T", 334.6457, -368.1889, 0],
		[36, "PAD23", "T", 334.6457, -340.6298, 0],
		[37, "PAD24", "T", 334.6457, -313.0708, 0],
		[38, "PAD25", "T", 334.6457, -285.5117, 0],
		[39, "PAD26", "B", 130.92, -490, 0],
		[40, "PAD27", "B", 165, -490, 0],
		[41, "PAD28", "B", 128.54, -830, 0],
		[42, "PAD29", "B", 171.46, -830, 0],
		[43, "PAD30", "B", 158.203, -890, 0],
		[44, "PAD31", "B", 124.123, -890, 0],
		[45, "PAD32", "B", 171.46, -775, 0],
		[46, "PAD33", "B", 128.54, -775, 0],
		[47, "PAD34", "B", 127.08, -720, 0],
		[48, "PAD35", "B", 170, -720, 0],
		[49, "PAD36", "B", 127.08, -670, 0],
		[50, "PAD37", "B", 170, -670, 0],
		[51, "PAD38", "B", 130.92, -440, 0],
		[52, "PAD39", "B", 165, -440, 0],
		[53, "PAD40", "B", 171.46, -945, 0],
		[54, "PAD41", "B", 128.54, -945, 0],
		[55, "PAD42", "B", 171.46, -1010, 0],
		[56, "PAD43", "B", 128.54, -1010, 0],
		[57, "PAD44", "B", 135.92, -555, 0],
		[58, "PAD45", "B", 170, -555, 0],
		[59, "PAD46", "B", 170, -620, 0],
		[60, "PAD47", "B", 127.08, -620, 0],
		[61, "PAD48", "T", 140, -1195, 0],
		[62, "PAD48", "T", 140, -1195, 0],
		[63, "PAD49", "T", 190, -1195.0003, 0],
		[64, "PAD49", "T", 190, -1195.0003, 0],
		[65, "PAD50", "T", 240, -1195.0006, 0],
		[66, "PAD50", "T", 240, -1195.0006, 0],
		[67, "PAD51", "T", 290, -1195.0009, 0],
		[68, "PAD51", "T", 290, -1195.0009, 0]
	]
},
"pins": {
	"fields": ["PIN_NO", "PIN_NAME", "PIN_X", "PIN_Y", "LAYER", "PIN_TYPE", "NET_NAME", "NET_TYPE", "PAD_SHAPE", "PAD_SIZEX", "PAD_SIZEY", "HOLE_SIZE", "HOLE_LEN", "PAD_ANGLE"],
	"rows": [
		[1, "1_1", 334.6457, -1002.0471, "T", "SMD", "NET_1", "", "R", 15.748, 118.1102, 0, 0, 90],
		[2, "1_2", 334.6457, -974.488, "T", "SMD", "$1N12833", "", "R", 15.748, 118.1102, 0, 0, 90],
		[3, "1_3", 334.6457, -946.929, "T", "SMD", "$1N12731", "", "R", 15.748, 118.1102, 0, 0, 90],
		[4, "1_4", 334.6457, -919.3699, "T", "SMD", "$1N13395", "", "R", 15.748, 118.1102, 0, 0, 90],
		[5, "1_5", 334.6457, -891.8109, "T", "SMD", "VCC_3V3", "", "R", 15.748, 118.1102, 0, 0, 90],
		[6, "1_6", 334.6457, -864.2518, "T", "SMD", "$1N4433", "", "R", 15.748, 118.1102, 0, 0, 90],
		[7, "1_7", 334.6457, -836.6928, "T", "SMD", "$1N4483", "", "R", 15.748, 118.1102, 0, 0, 90],
		[8, "1_8", 334.6457, -809.1337, "T", "SMD", "$1N4819", "", "R", 15.748, 118.1102, 0, 0, 90],
		[9, "1_9", 334.6457, -781.5747, "T", "SMD", "$1N4769", "", "R", 15.748, 118.1102, 0, 0, 90],
		[10, "1_10", 334.6457, -754.0156, "T", "SMD", "GND", "GND", "R", 15.748, 118.1102, 0, 0, 90],
		[11, "1_11", 334.6457, -726.4565, "T", "SMD", "NET_2", "", "R", 15.748, 118.1102, 0, 0, 90],
		[12, "1_12", 334.6457, -698.8975, "T", "SMD", "VCC_3V3", "", "R", 15.748, 118.1102, 0, 0, 90],
		[13, "1_13", 334.6457, -671.3384, "T", "SMD", "VCC_3V3", "", "R", 15.748, 118.1102, 0, 0, 90],
		[14, "1_14", 334.6457, -643.7794, "T", "SMD", "GND", "GND", "R", 15.748, 118.1102, 0, 0, 90],
		[15, "1_15", 334.6457, -616.2204, "T", "SMD", "GND", "GND", "R", 15.748, 118.1102, 0, 0, 90],
		[16, "1_16", 334.6457, -588.6613, "T", "SMD", "$1N10854", "", "R", 15.748, 118.1102, 0, 0, 90],
		[17, "1_17", 334.6457, -561.1023, "T", "SMD", "GND", "GND", "R", 15.748, 118.1102, 0, 0, 90],
		[18, "1_18", 334.6457, -533.5432, "T", "SMD", "GND", "GND", "R", 15.748, 118.1102, 0, 0, 90],
		[19, "1_19", 334.6457, -505.9842, "T", "SMD", "GND", "GND", "R", 15.748, 118.1102, 0, 0, 90],
		[20, "1_20", 334.6457, -478.4251, "T", "SMD", "I2C_SCL", "", "R", 15.748, 118.1102, 0, 0, 90],
		[21, "1_21", 334.6457, -450.8661, "T", "SMD", "I2C_SDA", "", "R", 15.748, 118.1102, 0, 0, 90],
		[22, "1_22", 334.6457, -423.307, "T", "SMD", "GND", "GND", "R", 15.748, 118.1102, 0, 0, 90],
		[23, "1_23", 334.6457, -395.7479, "T", "SMD", "GND", "GND", "R", 15.748, 118.1102, 0, 0, 90],
		[24, "1_24", 334.6457, -368.1889, "T", "SMD", "GND", "GND", "R", 15.748, 118.1102, 0, 0, 90],
		[25, "1_25", 334.6457, -340.6298, "T", "SMD", "GND", "GND", "R", 15.748, 118.1102, 0, 0, 90],
		[26, "1_26", 334.6457, -313.0708, "T", "SMD", "GND", "GND", "R", 15.748, 118.1102, 0, 0, 90],
		[27, "1_27", 334.6457, -285.5117, "T", "SMD", "GND", "GND", "R", 15.748, 118.1102, 0, 0, 90],
		[28, "1_28", 334.6457, -257.9526, "T", "SMD", "NET_3", "", "R", 15.748, 118.1102, 0, 0, 90],
		[29, "C1_1", 171.46, -830, "B", "SMD", "GND", "GND", "R", 31.106, 21.26, 0, 0, 180],
		[30, "C1_2", 128.54, -830, "B", "SMD", "VCC_3V3", "", "R", 31.106, 21.26, 0, 0, 180],
		[31, "C2_1", 128.54, -775, "B", "SMD", "$1N4433", "", "R", 31.106, 21.26, 0, 0, 0],
		[32, "C2_2", 171.46, -775, "B", "SMD", "$1N4483", "", "R", 31.106, 21.26, 0, 0, 0],
		[33, "C3_1", 170, -720, "B", "SMD", "$1N4769", "", "R", 31.106, 21.26, 0, 0, 180],
		[34, "C3_2", 127.08, -720, "B", "SMD", "$1N4819", "", "R", 31.106, 21.26, 0, 0, 180],
		[35, "C4_1", 127.08, -620, "B", "SMD", "GND", "GND", "R", 31.106, 21.26, 0, 0, 0],
		[36, "C4_2", 170, -620, "B", "SMD", "$1N10854", "", "R", 31.106, 21.26, 0, 0, 0],
		[37, "C5_1", 170, -670, "B", "SMD", "VCC_3V3", "", "R", 31.106, 21.26, 0, 0, 180],
		[38, "C5_2", 127.08, -670, "B", "SMD", "GND", "GND", "R", 31.106, 21.26, 0, 0, 180],
		[39, "C6_1", 128.54, -1010, "B", "SMD", "GND", "GND", "R", 31.106, 21.26, 0, 0, 0],
		[40, "C6_2", 171.46, -1010, "B", "SMD", "$1N12833", "", "R", 31.106, 21.26, 0, 0, 0],
		[41, "C7_1", 128.54, -945, "B", "SMD", "GND", "GND", "R", 31.106, 21.26, 0, 0, 0],
		[42, "C7_2", 171.46, -945, "B", "SMD", "$1N12731", "", "R", 31.106, 21.26, 0, 0, 0],
		[43, "P1_1", 140, -1195, "T", "DIP", "I2C_SDA", "", "C", 40, 40, 30, 30, 180],
		[44, "P1_1", 140, -1195, "T", "DIP", "I2C_SDA", "", "C", 40, 40, 30, 30, 180],
		[45, "P1_2", 190, -1195.0003, "T", "DIP", "I2C_SCL", "", "C", 40, 40, 30, 30, 180],
		[46, "P1_2", 190, -1195.0003, "T", "DIP", "I2C_SCL", "", "C", 40, 40, 30, 30, 180],
		[47, "P1_3", 240, -1195.0006, "T", "DIP", "VCC_3V3", "", "C", 40, 40, 30, 30, 180],
		[48, "P1_3", 240, -1195.0006, "T", "DIP", "VCC_3V3", "", "C", 40, 40, 30, 30, 180],
		[49, "P1_4", 290, -1195.0009, "T", "DIP", "GND", "GND", "C", 40, 40, 30, 30, 180],
		[50, "P1_4", 290, -1195.0009, "T", "DIP", "GND", "GND", "C", 40, 40, 30, 30, 180],
		[51, "R1_1", 170, -555, "B", "SMD", "$1N10854", "", "R", 22.27, 21.26, 0, 0, 180],
		[52, "R1_2", 135.92, -555, "B", "SMD", "VCC_3V3", "", "R", 22.27, 21.26, 0, 0, 180],
		[53, "R2_1", 165, -440, "B", "SMD", "I2C_SDA", "", "R", 22.27, 21.26, 0, 0, 180],
		[54, "R2_2", 130.92, -440, "B", "SMD", "VCC_3V3", "", "R", 22.27, 21.26, 0, 0, 180],
		[55, "R3_1", 165, -490, "B", "SMD", "I2C_SCL", "", "R", 22.27, 21.26, 0, 0, 180],
		[56, "R3_2", 130.92, -490, "B", "SMD", "VCC_3V3", "", "R", 22.27, 21.26, 0, 0, 180],
		[57, "R4_1", 124.123, -890, "B", "SMD", "GND", "GND", "R", 22.27, 21.26, 0, 0, 0],
		[58, "R4_2", 158.203, -890, "B", "SMD", "$1N13395", "", "R", 22.27, 21.26, 0, 0, 0],
		[59, "PAD1_2", 334.6457, -974.488, "T", "SMD", "$1N12833", "", "R", 15.748, 118.1102, 0, 0, 90],
		[60, "PAD2_3", 334.6457, -946.929, "T", "SMD", "$1N12731", "", "R", 15.748, 118.1102, 0, 0, 90],
		[61, "PAD3_4", 334.6457, -919.3699, "T", "SMD", "$1N13395", "", "R", 15.748, 118.1102, 0, 0, 90],
		[62, "PAD4_5", 334.6457, -891.8109, "T", "SMD", "VCC_3V3", "", "R", 15.748, 118.1102, 0, 0, 90],
		[63, "PAD5_6", 334.6457, -864.2518, "T", "SMD", "$1N4433", "", "R", 15.748, 118.1102, 0, 0, 90],
		[64, "PAD6_7", 334.6457, -836.6928, "T", "SMD", "$1N4483", "", "R", 15.748, 118.1102, 0, 0, 90],
		[65, "PAD7_8", 334.6457, -809.1337, "T", "SMD", "$1N4819", "", "R", 15.748, 118.1102, 0, 0, 90],
		[66, "PAD8_9", 334.6457, -781.5747, "T", "SMD", "$1N4769", "", "R", 15.748, 118.1102, 0, 0, 90],
		[67, "PAD9_10", 334.6457, -754.0156, "T", "SMD", "GND", "GND", "R", 15.748, 118.1102, 0, 0, 90],
		[68, "PAD10_13", 334.6457, -671.3384, "T", "SMD", "VCC_3V3", "", "R", 15.748, 118.1102, 0, 0, 90],
		[69, "PAD11_14", 334.6457, -643.7794, "T", "SMD", "GND", "GND", "R", 15.748, 118.1102, 0, 0, 90],
		[70, "PAD12_15", 334.6457, -616.2204, "T", "SMD", "GND", "GND", "R", 15.748, 118.1102, 0, 0, 90],
		[71, "PAD13_12", 334.6457, -698.8975, "T", "SMD", "VCC_3V3", "", "R", 15.748, 118.1102, 0, 0, 90],
		[72, "PAD14_16", 334.6457, -588.6613, "T", "SMD", "$1N10854", "", "R", 15.748, 118.1102, 0, 0, 90],
		[73, "PAD15_17", 334.6457, -561.1023, "T", "SMD", "GND", "GND", "R", 15.748, 118.1102, 0, 0, 90],
		[74, "PAD16_18", 334.6457, -533.5432, "T", "SMD", "GND", "GND", "R", 15.748, 118.1102, 0, 0, 90],
		[75, "PAD17_19", 334.6457, -505.9842, "T", "SMD", "GND", "GND", "R", 15.748, 118.1102, 0, 0, 90],
		[76, "PAD18_20", 334.6457, -478.4251, "T", "SMD", "I2C_SCL", "", "R", 15.748, 118.1102, 0, 0, 90],
		[77, "PAD19_21", 334.6457, -450.8661, "T", "SMD", "I2C_SDA", "", "R", 15.748, 118.1102, 0, 0, 90],
		[78, "PAD20_22", 334.6457, -423.307, "T", "SMD", "GND", "GND", "R", 15.748, 118.1102, 0, 0, 90],
		[79, "PAD21_23", 334.6457, -395.7479, "T", "SMD", "GND", "GND", "R", 15.748, 118.1102, 0, 0, 90],
		[80, "PAD22_24", 334.6457, -368.1889, "T", "SMD", "GND", "GND", "R", 15.748, 118.1102, 0, 0, 90],
		[81, "PAD23_25", 334.6457, -340.6298, "T", "SMD", "GND", "GND", "R", 15.748, 118.1102, 0, 0, 90],
		[82, "PAD24_26", 334.6457, -313.0708, "T", "SMD", "GND", "GND", "R", 15.748, 118.1102, 0, 0, 90],
		[83, "PAD25_27", 334.6457, -285.5117, "T", "SMD", "GND", "GND", "R", 15.748, 118.1102, 0, 0, 90],
		[84, "PAD26_2", 130.92, -490, "B", "SMD", "VCC_3V3", "", "R", 22.27, 21.26, 0, 0, 180],
		[85, "PAD27_1", 165, -490, "B", "SMD", "I2C_SCL", "", "R", 22.27, 21.26, 0, 0, 180],
		[86, "PAD28_2", 128.54, -830, "B", "SMD", "VCC_3V3", "", "R", 31.106, 21.26, 0, 0, 180],
		[87, "PAD29_1", 171.46, -830, "B", "SMD", "GND", "GND", "R", 31.106, 21.26, 0, 0, 180],
		[88, "PAD30_2", 158.203, -890, "B", "SMD", "$1N13395", "", "R", 22.27, 21.26, 0, 0, 0],
		[89, "PAD31_1", 124.123, -890, "B", "SMD", "GND", "GND", "R", 22.27, 21.26, 0, 0, 0],
		[90, "PAD32_2", 171.46, -775, "B", "SMD", "$1N4483", "", "R", 31.106, 21.26, 0, 0, 0],
		[91, "PAD33_1", 128.54, -775, "B", "SMD", "$1N4433", "", "R", 31.106, 21.26, 0, 0, 0],
		[92, "PAD34_2", 127.08, -720, "B", "SMD", "$1N4819", "", "R", 31.106, 21.26, 0, 0, 180],
		[93, "PAD35_1", 170, -720, "B", "SMD", "$1N4769", "", "R", 31.106, 21.26, 0, 0, 180],
		[94, "PAD36_2", 127.08, -670, "B", "SMD", "GND", "GND", "R", 31.106, 21.26, 0, 0, 180],
		[95, "PAD37_1", 170, -670, "B", "SMD", "VCC_3V3", "", "R", 31.106, 21.26, 0, 0, 180],
		[96, "PAD38_2", 130.92, -440, "B", "SMD", "VCC_3V3", "", "R", 22.27, 21.26, 0, 0, 180],
		[97, "PAD39_1", 165, -440, "B", "SMD", "I2C_SDA", "", "R", 22.27, 21.26, 0, 0, 180],
		[98, "PAD40_2", 171.46, -945, "B", "SMD", "$1N12731", "", "R", 31.106, 21.26, 0, 0, 0],
		[99, "PAD41_1", 128.54, -945, "B", "SMD", "GND", "GND", "R", 31.106, 21.26, 0, 0, 0],
		[100, "PAD42_2", 171.46, -1010, "B", "SMD", "$1N12833", "", "R", 31.106, 21.26, 0, 0, 0],
		[101, "PAD43_1", 128.54, -1010, "B", "SMD", "GND", "GND", "R", 31.106, 21.26, 0, 0, 0],
		[102, "PAD44_2", 135.92, -555, "B", "SMD", "VCC_3V3", "", "R", 22.27, 21.26, 0, 0, 180],
		[103, "PAD45_1", 170, -555, "B", "SMD", "$1N10854", "", "R", 22.27, 21.26, 0, 0, 180],
		[104, "PAD46_2", 170, -620, "B", "SMD", "$1N10854", "", "R", 31.106, 21.26, 0, 0, 0],
		[105, "PAD47_1", 127.08, -620, "B", "SMD", "GND", "GND", "R", 31.106, 21.26, 0, 0, 0],
		[106, "PAD48_1", 140, -1195, "T", "DIP", "I2C_SDA", "", "C", 40, 40, 30, 30, 180],
		[107, "PAD48_1", 140, -1195, "T", "DIP", "I2C_SDA", "", "C", 40, 40, 30, 30, 180],
		[108, "PAD49_2", 190, -1195.0003, "T", "DIP", "I2C_SCL", "", "C", 40, 40, 30, 30, 180],
		[109, "PAD49_2", 190, -1195.0003, "T", "DIP", "I2C_SCL", "", "C", 40, 40, 30, 30, 180],
		[110, "PAD50_3", 240, -1195.0006, "T", "DIP", "VCC_3V3", "", "C", 40, 40, 30, 30, 180],
		[111, "PAD50_3", 240, -1195.0006, "T", "DIP", "VCC_3V3", "", "C", 40, 40, 30, 30, 180],
		[112, "PAD51_4", 290, -1195.0009, "T", "DIP", "GND", "GND", "C", 40, 40, 30, 30, 180],
		[113, "PAD51_4", 290, -1195.0009, "T", "DIP", "GND", "GND", "C", 40, 40, 30, 30, 180]
	]
}
}