{
"lengthUnit": "mil",
"remark": [],
"components": {
	"fields": ["COMPONENT_NO", "COMPONENT_NAME", "LAYER", "X_COORDINATE", "Y_COORDINATE", "ANGLE"],
	"rows": [
		[1, "J1", "T", 865, 245, 180],
		[2, "P1", "T", 185, 250, 90],
		[3, "PAD1", "T", 229.5, 180.9, 0],
		[4, "PAD2", "T", 229.5, 200.6, 0],
		[5, "PAD3", "T", 229.5, 220.3, 0],
		[6, "PAD4", "T", 229.5, 240, 0],
		[7, "PAD5", "T", 229.5, 259.6, 0],
		[8, "PAD6", "T", 229.5, 279.3, 0],
		[9, "PAD7", "T", 229.5, 299, 0],
		[10, "PAD8", "T", 229.5, 318.7, 0],
		[11, "PAD9", "T", 140.7, 114.9, 0],
		[12, "PAD10", "T", 140.5, 385.1, 0],
		[13, "PAD11", "T", 765, 195, 0],
		[14, "PAD11", "T", 765, 195, 0],
		[15, "PAD12", "T", 765, 295, 0],
		[16, "PAD12", "T", 765, 295, 0],
		[17, "PAD13", "T", 865, 195, 0],
		[18, "PAD13", "T", 865, 195, 0],
		[19, "PAD14", "T", 865, 295, 0],
		[20, "PAD14", "T", 865, 295, 0],
		[21, "PAD15", "T", 965, 195, 0],
		[22, "PAD15", "T", 965, 195, 0],
		[23, "PAD16", "T", 965, 295, 0],
		[24, "PAD16", "T", 965, 295, 0]
	]
},
"pins": {
	"fields": ["PIN_NO", "PIN_NAME", "PIN_X", "PIN_Y", "LAYER", "PIN_TYPE", "NET_NAME", "NET_TYPE", "PAD_SHAPE", "PAD_SIZEX", "PAD_SIZEY", "HOLE_SIZE", "HOLE_LEN", "PAD_ANGLE"],
	"rows": [
		[1, "J1_1", 965, 295, "T", "DIP", "VCC_BAT", "", "R", 70.9, 70.9, 41.3, 41.3, 180],
		[2, "J1_1", 965, 295, "T", "DIP", "VCC_BAT", "", "R", 70.9, 70.9, 41.3, 41.3, 180],
		[3, "J1_2", 965, 195, "T", "DIP", "UART_TX", "", "C", 70.9, 70.9, 41.3, 41.3, 180],
		[4, "J1_2", 965, 195, "T", "DIP", "UART_TX", "", "C", 70.9, 70.9, 41.3, 41.3, 180],
		[5, "J1_3", 865, 295, "T", "DIP", "GND", "GND", "C", 70.9, 70.9, 41.3, 41.3, 180],
		[6, "J1_3", 865, 295, "T", "DIP", "GND", "GND", "C", 70.9, 70.9, 41.3, 41.3, 180],
		[7, "J1_4", 865, 195, "T", "DIP", "UART_RX", "", "C", 70.9, 70.9, 41.3, 41.3, 180],
		[8, "J1_4", 865, 195, "T", "DIP", "UART_RX", "", "C", 70.9, 70.9, 41.3, 41.3, 180],
		[9, "J1_5", 765, 295, "T", "DIP", "USB_D_P", "", "C", 70.9, 70.9, 41.3, 41.3, 180],
		[10, "J1_5", 765, 295, "T", "DIP", "USB_D_P", "", "C", 70.9, 70.9, 41.3, 41.3, 180],
		[11, "J1_6", 765, 195, "T", "DIP", "USB_D_N", "", "C", 70.9, 70.9, 41.3, 41.3, 180],
		[12, "J1_6", 765, 195, "T", "DIP", "USB_D_N", "", "C", 70.9, 70.9, 41.3, 41.3, 180],
		[13, "P1_1", 229.5, 180.9, "T", "SMD", "UART_TX", "", "R", 11.8, 59.1, 0, 0, 90],
		[14, "P1_2", 229.5, 200.6, "T", "SMD", "UART_RX", "", "R", 11.8, 59.1, 0, 0, 90],
		[15, "P1_3", 229.5, 220.3, "T", "SMD", "USB_D_N", "", "R", 11.8, 59.1, 0, 0, 90],
		[16, "P1_4", 229.5, 240, "T", "SMD", "USB_D_P", "", "R", 11.8, 59.1, 0, 0, 90],
		[17, "P1_5", 229.5, 259.6, "T", "SMD", "GND", "GND", "R", 11.8, 59.1, 0, 0, 90],
		[18, "P1_6", 229.5, 279.3, "T", "SMD", "GND", "GND", "R", 11.8, 59.1, 0, 0, 90],
		[19, "P1_7", 229.5, 299, "T", "SMD", "VCC_BAT", "", "R", 11.8, 59.1, 0, 0, 90],
		[20, "P1_8", 229.5, 318.7, "T", "SMD", "VCC_BAT", "", "R", 11.8, 59.1, 0, 0, 90],
		[21, "P1_9", 140.5, 385.1, "T", "SMD", "GND", "GND", "R", 86.6, 129.9, 0, 0, 270],
		[22, "P1_10", 140.7, 114.9, "T", "SMD", "GND", "GND", "R", 86.6, 129.9, 0, 0, 90],
		[23, "PAD1_1", 229.5, 180.9, "T", "SMD", "UART_TX", "", "R", 11.8, 59.1, 0, 0, 90],
		[24, "PAD2_2", 229.5, 200.6, "T", "SMD", "UART_RX", "", "R", 11.8, 59.1, 0, 0, 90],
		[25, "PAD3_3", 229.5, 220.3, "T", "SMD", "USB_D_N", "", "R", 11.8, 59.1, 0, 0, 90],
		[26, "PAD4_4", 229.5, 240, "T", "SMD", "USB_D_P", "", "R", 11.8, 59.1, 0, 0, 90],
		[27, "PAD5_5", 229.5, 259.6, "T", "SMD", "GND", "GND", "R", 11.8, 59.1, 0, 0, 90],
		[28, "PAD6_6", 229.5, 279.3, "T", "SMD", "GND", "GND", "R", 11.8, 59.1, 0, 0, 90],
		[29, "PAD7_7", 229.5, 299, "T", "SMD", "VCC_BAT", "", "R", 11.8, 59.1, 0, 0, 90],
		[30, "PAD8_8", 229.5, 318.7, "T", "SMD", "VCC_BAT", "", "R", 11.8, 59.1, 0, 0, 90],
		[31, "PAD9_10", 140.7, 114.9, "T", "SMD", "GND", "GND", "R", 86.6, 129.9, 0, 0, 90],
		[32, "PAD10_9", 140.5, 385.1, "T", "SMD", "GND", "GND", "R", 86.6, 129.9, 0, 0, 270],
		[33, "PAD11_6", 765, 195, "T", "DIP", "USB_D_N", "", "C", 70.9, 70.9, 41.3, 41.3, 180],
		[34, "PAD11_6", 765, 195, "T", "DIP", "USB_D_N", "", "C", 70.9, 70.9, 41.3, 41.3, 180],
		[35, "PAD12_5", 765, 295, "T", "DIP", "USB_D_P", "", "C", 70.9, 70.9, 41.3, 41.3, 180],
		[36, "PAD12_5", 765, 295, "T", "DIP", "USB_D_P", "", "C", 70.9, 70.9, 41.3, 41.3, 180],
		[37, "PAD13_4", 865, 195, "T", "DIP", "UART_RX", "", "C", 70.9, 70.9, 41.3, 41.3, 180],
		[38, "PAD13_4", 865, 195, "T", "DIP", "UART_RX", "", "C", 70.9, 70.9, 41.3, 41.3, 180],
		[39, "PAD14_3", 865, 295, "T", "DIP", "GND", "GND", "C", 70.9, 70.9, 41.3, 41.3, 180],
		[40, "PAD14_3", 865, 295, "T", "DIP", "GND", "GND", "C", 70.9, 70.9, 41.3, 41.3, 180],
		[41, "PAD15_2", 965, 195, "T", "DIP", "UART_TX", "", "C", 70.9, 70.9, 41.3, 41.3, 180],
		[42, "PAD15_2", 965, 195, "T", "DIP", "UART_TX", "", "C", 70.9, 70.9, 41.3, 41.3, 180],
		[43, "PAD16_1", 965, 295, "T", "DIP", "VCC_BAT", "", "R", 70.9, 70.9, 41.3, 41.3, 180],
		[44, "PAD16_1", 965, 295, "T", "DIP", "VCC_BAT", "", "R", 70.9, 70.9, 41.3, 41.3, 180]
	]
}
}