{
"lengthUnit": "mil",
"remark": [],
"components": {
	"fields": ["COMPONENT_NO", "COMPONENT_NAME", "LAYER", "X_COORDINATE", "Y_COORDINATE", "ANGLE"],
	"rows": [
		[1, "J1", "B", 0, 0, 180],
		[2, "R1", "B", 400, -17.04, 90],
		[3, "R2", "B", -1140, 17.04, 270],
		[4, "R3", "B", 755, -17.04, 90],
		[5, "R4", "B", -777.5, 17.04, 270],
		[6, "R5", "B", 1110, -17.96, 90],
		[7, "R6", "B", -415, 17.04, 270],
		[8, "PAD1", "T", 970.4724, -0.7087, 0],
		[9, "PAD2", "T", 610.4724, -0.7087, 0],
		[10, "PAD3", "T", 250.4724, -0.7087, 0],
		[11, "PAD4", "T", -269.5276, -0.7087, 0],
		[12, "PAD5", "T", -629.5276, -0.7087, 0],
		[13, "PAD6", "T", -989.5276, -0.7087, 0],
		[14, "PAD7", "B", 400, 0, 0],
		[15, "PAD8", "B", 400, -34.08, 0],
		[16, "PAD9", "B", -1140, 0, 0],
		[17, "PAD10", "B", -1140, 34.08, 0],
		[18, "PAD11", "B", 755, 0, 0],
		[19, "PAD12", "B", 755, -34.08, 0],
		[20, "PAD13", "B", -777.5, 0, 0],
		[21, "PAD14", "B", -777.5, 34.08, 0],
		[22, "PAD15", "B", 1110, -0.92, 0],
		[23, "PAD16", "B", 1110, -35, 0],
		[24, "PAD17", "B", -415, 0, 0],
		[25, "PAD18", "B", -415, 34.08, 0],
		[26, "PAD19", "B", -29.5275, 49.2913, 0],
		[27, "PAD20", "B", 68.8977, -49.2913, 0],
		[28, "PAD21", "B", 49.2126, 49.2913, 0],
		[29, "PAD22", "B", 9.8425, 49.2913, 0],
		[30, "PAD23", "B", 29.5276, -49.2913, 0],
		[31, "PAD24", "B", -9.8425, -49.2913, 0],
		[32, "PAD25", "B", -68.8976, 49.2913, 0],
		[33, "PAD26", "B", -49.2126, -49.2913, 0]
	]
},
"pins": {
	"fields": ["PIN_NO", "PIN_NAME", "PIN_X", "PIN_Y", "LAYER", "PIN_TYPE", "NET_NAME", "NET_TYPE", "PAD_SHAPE", "PAD_SIZEX", "PAD_SIZEY", "HOLE_SIZE", "HOLE_LEN", "PAD_ANGLE"],
	"rows": [
		[1, "J1_1", 68.8977, -49.2913, "B", "SMD", "$1N4690", "", "R", 15.748, 49.2126, 0, 0, 180],
		[2, "J1_2", 49.2126, 49.2913, "B", "SMD", "$1N4808", "", "R", 15.748, 49.2126, 0, 0, 180],
		[3, "J1_3", 29.5276, -49.2913, "B", "SMD", "$1N4921", "", "R", 15.748, 49.2126, 0, 0, 0],
		[4, "J1_4", 9.8425, 49.2913, "B", "SMD", "$1N5034", "", "R", 15.748, 49.2126, 0, 0, 0],
		[5, "J1_5", -9.8425, -49.2913, "B", "SMD", "$1N5147", "", "R", 15.748, 49.2126, 0, 0, 0],
		[6, "J1_6", -29.5275, 49.2913, "B", "SMD", "$1N5260", "", "R", 15.748, 49.2126, 0, 0, 0],
		[7, "J1_7", -49.2126, -49.2913, "B", "SMD", "GND", "GND", "R", 15.748, 49.2126, 0, 0, 0],
		[8, "J1_8", -68.8976, 49.2913, "B", "SMD", "GND", "GND", "R", 15.748, 49.2126, 0, 0, 0],
		[9, "J1_9", 137.7953, -0.0032, "B", "SMD", "NET_1", "", "R", 70.8661, 78.7402, 0, 0, 180],
		[10, "J1_10", -137.7952, -0.0032, "B", "SMD", "NET_2", "", "R", 70.8661, 78.7402, 0, 0, 0],
		[11, "R1_1", 400, -34.08, "B", "SMD", "$1N4690", "", "R", 22.27, 21.26, 0, 0, 90],
		[12, "R1_2", 400, 0, "B", "SMD", "PAD1", "", "R", 22.27, 21.26, 0, 0, 90],
		[13, "R2_1", -1140, 34.08, "B", "SMD", "$1N4808", "", "R", 22.27, 21.26, 0, 0, 270],
		[14, "R2_2", -1140, 0, "B", "SMD", "PAD2", "", "R", 22.27, 21.26, 0, 0, 270],
		[15, "R3_1", 755, -34.08, "B", "SMD", "$1N4921", "", "R", 22.27, 21.26, 0, 0, 90],
		[16, "R3_2", 755, 0, "B", "SMD", "PAD3", "", "R", 22.27, 21.26, 0, 0, 90],
		[17, "R4_1", -777.5, 34.08, "B", "SMD", "$1N5034", "", "R", 22.27, 21.26, 0, 0, 270],
		[18, "R4_2", -777.5, 0, "B", "SMD", "PAD4", "", "R", 22.27, 21.26, 0, 0, 270],
		[19, "R5_1", 1110, -35, "B", "SMD", "$1N5147", "", "R", 22.27, 21.26, 0, 0, 90],
		[20, "R5_2", 1110, -0.92, "B", "SMD", "PAD5", "", "R", 22.27, 21.26, 0, 0, 90],
		[21, "R6_1", -415, 34.08, "B", "SMD", "$1N5260", "", "R", 22.27, 21.26, 0, 0, 270],
		[22, "R6_2", -415, 0, "B", "SMD", "PAD6", "", "R", 22.27, 21.26, 0, 0, 270],
		[23, "PAD1_1", 970.4724, -0.7087, "T", "SMD", "PAD5", "", "R", 240, 130, 0, 0, 180],
		[24, "PAD2_1", 610.4724, -0.7087, "T", "SMD", "PAD3", "", "R", 240, 130, 0, 0, 180],
		[25, "PAD3_1", 250.4724, -0.7087, "T", "SMD", "PAD1", "", "R", 240, 130, 0, 0, 180],
		[26, "PAD4_1", -269.5276, -0.7087, "T", "SMD", "PAD6", "", "R", 240, 130, 0, 0, 0],
		[27, "PAD5_1", -629.5276, -0.7087, "T", "SMD", "PAD4", "", "R", 240, 130, 0, 0, 0],
		[28, "PAD6_PAD2", -989.5276, -0.7087, "T", "SMD", "PAD2", "", "R", 240, 130, 0, 0, 0],
		[29, "PAD7_2", 400, 0, "B", "SMD", "PAD1", "", "R", 22.27, 21.26, 0, 0, 90],
		[30, "PAD8_1", 400, -34.08, "B", "SMD", "$1N4690", "", "R", 22.27, 21.26, 0, 0, 90],
		[31, "PAD9_2", -1140, 0, "B", "SMD", "PAD2", "", "R", 22.27, 21.26, 0, 0, 270],
		[32, "PAD10_1", -1140, 34.08, "B", "SMD", "$1N4808", "", "R", 22.27, 21.26, 0, 0, 270],
		[33, "PAD11_2", 755, 0, "B", "SMD", "PAD3", "", "R", 22.27, 21.26, 0, 0, 90],
		[34, "PAD12_1", 755, -34.08, "B", "SMD", "$1N4921", "", "R", 22.27, 21.26, 0, 0, 90],
		[35, "PAD13_2", -777.5, 0, "B", "SMD", "PAD4", "", "R", 22.27, 21.26, 0, 0, 270],
		[36, "PAD14_1", -777.5, 34.08, "B", "SMD", "$1N5034", "", "R", 22.27, 21.26, 0, 0, 270],
		[37, "PAD15_2", 1110, -0.92, "B", "SMD", "PAD5", "", "R", 22.27, 21.26, 0, 0, 90],
		[38, "PAD16_1", 1110, -35, "B", "SMD", "$1N5147", "", "R", 22.27, 21.26, 0, 0, 90],
		[39, "PAD17_2", -415, 0, "B", "SMD", "PAD6", "", "R", 22.27, 21.26, 0, 0, 270],
		[40, "PAD18_1", -415, 34.08, "B", "SMD", "$1N5260", "", "R", 22.27, 21.26, 0, 0, 270],
		[41, "PAD19_6", -29.5275, 49.2913, "B", "SMD", "$1N5260", "", "R", 15.748, 49.2126, 0, 0, 0],
		[42, "PAD20_1", 68.8977, -49.2913, "B", "SMD", "$1N4690", "", "R", 15.748, 49.2126, 0, 0, 180],
		[43, "PAD21_2", 49.2126, 49.2913, "B", "SMD", "$1N4808", "", "R", 15.748, 49.2126, 0, 0, 180],
		[44, "PAD22_4", 9.8425, 49.2913, "B", "SMD", "$1N5034", "", "R", 15.748, 49.2126, 0, 0, 0],
		[45, "PAD23_3", 29.5276, -49.2913, "B", "SMD", "$1N4921", "", "R", 15.748, 49.2126, 0, 0, 0],
		[46, "PAD24_5", -9.8425, -49.2913, "B", "SMD", "$1N5147", "", "R", 15.748, 49.2126, 0, 0, 0],
		[47, "PAD25_8", -68.8976, 49.2913, "B", "SMD", "GND", "GND", "R", 15.748, 49.2126, 0, 0, 0],
		[48, "PAD26_7", -49.2126, -49.2913, "B", "SMD", "GND", "GND", "R", 15.748, 49.2126, 0, 0, 0]
	]
}
}